{"appSettings":{"title":"mbed connect","description":"","bgColor":"#FFFFFF","startObject":"~16","staticItems":[],"varTemplate":0,"dateFormat":"dd/MM/yyyy","decSeparator":".","noStyleProps":false,"showCloseConfirm":false,"layout":"fluid","developer":true,"finalURL":"","treatBoolsAsList":true,"author":"rboyd@xpertrule.com","startObjectID":16,"appicon":false,"language":false,"batchMode":true,"dataset":false,"maxwidth":600,"dmSettings":{"intermediateStats":false,"shading":false,"expert":false},"tags":"","nodejs_incl":"test.js","browser_incl":"browserjs.js","build":5},"aDictionary":[{"aID":3,"aName":"List_Question","aType":1,"objInfo":{},"flatProps":{"uid":121635328,"description":"","multiselect":false,"_default":"","defaultmode":"","isdynamic":false,"selectionmode":"","allowblank":false,"allowdeselect":true,"allowinvalid":false,"grouppreviousanswers":"","helptext":"","isenabled":true,"isvisible":true,"showinvalid":true,"showontreedialog":true,"tieddialog":19,"isselected":"Knowledge","_xmlexport":["uid"]},"tree":{"version":1,"examples":null,"policyRules":null,"tree":null},"aValues":[],"values":{"values":[],"props":{"general":{"descriptionprop":"aName","_xmlexport":[],"_hierexport":[]},"list":[{"aID":-2,"aName":"aName","realName":"Value","aDescription":"","aType":"str","display":0,"width":80,"ishtml":false}]}},"isMultiSel":false},{"aID":4,"aName":"Numeric_Question","aType":2,"objInfo":{},"flatProps":{"uid":121635584,"description":"","_default":0,"defaultmode":"","isdynamic":false,"selectionmode":"","allowblank":false,"grouppreviousanswers":"","helptext":"","isenabled":true,"isvisible":true,"maxvalue":0,"minvalue":0,"showontreedialog":true,"tieddialog":20,"units":"","isselected":"Above","_xmlexport":["uid"]},"tree":{"version":1,"examples":null,"policyRules":null},"aDecPlaces":0},{"aID":5,"aName":"Date_Question","aType":3,"objInfo":{},"flatProps":{"uid":121635840,"description":"","_default":11281,"defaultmode":"","isdynamic":false,"selectionmode":"","allowblank":false,"grouppreviousanswers":"","helptext":"","isenabled":true,"isvisible":true,"maxvalue":15026,"minvalue":15026,"showontreedialog":true,"tieddialog":21,"isselected":"Above","_xmlexport":["uid"]},"tree":{"version":1,"examples":null,"policyRules":null}},{"aID":6,"aName":"Text_Question","aType":10,"objInfo":{},"flatProps":{"uid":121636096,"description":"","length":0,"_default":"","defaultmode":"","isdynamic":false,"selectionmode":"","allowblank":false,"grouppreviousanswers":"","helptext":"","inputmask":"","isenabled":true,"ispassword":false,"isvisible":true,"multiline":false,"showontreedialog":true,"tieddialog":23,"isselected":"Above","_xmlexport":["uid"]},"tree":{"version":1,"examples":null,"policyRules":null},"aLength":0},{"aID":7,"aName":"Decision_Tree","aType":1,"objInfo":{},"flatProps":{"uid":121636352,"description":"","multiselect":false,"_default":"","defaultmode":"","isdynamic":true,"selectionmode":"Decision","allowblank":false,"allowdeselect":true,"allowinvalid":false,"grouppreviousanswers":"","helptext":"","isenabled":true,"isvisible":true,"showinvalid":true,"showontreedialog":true,"sortdirection":"Below","sortinvalid":false,"sortproperty":"","tieddialog":0,"isselected":"Knowledge","_xmlexport":["uid"]},"tree":{"version":1,"examples":null,"policyRules":null,"tree":{"aID":1,"aType":1,"aOutcome":-999999}},"aValues":[],"values":{"values":[],"props":{"general":{"descriptionprop":"aName","_xmlexport":[],"_hierexport":[]},"list":[{"aID":-2,"aName":"aName","realName":"Value","aDescription":"","aType":"str","display":0,"width":80,"ishtml":false}]}},"isMultiSel":false},{"aID":8,"aName":"Arrays","aType":13,"objInfo":{"allowed":[-8]},"flatProps":null,"tree":{"version":1,"examples":null,"policyRules":null,"tree":null}},{"aID":9,"aName":"Multi_Select_Question","aType":1,"objInfo":{},"flatProps":{"uid":121635328,"description":"","multiselect":false,"_default":"","defaultmode":"","isdynamic":false,"selectionmode":"","allowblank":false,"allowdeselect":true,"allowinvalid":false,"grouppreviousanswers":"","helptext":"","isenabled":true,"isvisible":true,"showinvalid":true,"showontreedialog":true,"sortdirection":"Below","sortinvalid":false,"sortproperty":"","tieddialog":19,"isselected":"Knowledge","_xmlexport":["uid"]},"tree":{"version":1,"examples":null,"policyRules":null,"tree":null},"aValues":[],"values":{"values":[],"props":{"general":{"descriptionprop":"aName","_xmlexport":[],"_hierexport":[]},"list":[{"aID":-2,"aName":"aName","realName":"Value","aDescription":"","aType":"str","display":0,"width":80,"ishtml":false}]}},"isMultiSel":true},{"aID":10,"aName":"Questions","aType":13,"objInfo":{"allowed":[5,3,9,4,29,33,6,28]},"flatProps":null,"tree":{"version":1,"examples":null,"policyRules":null,"tree":null}},{"aID":11,"aName":"Knowledge","aType":13,"objInfo":{"allowed":[7,27,-12]},"flatProps":null,"tree":{"version":1,"examples":null,"policyRules":null,"tree":null}},{"aID":12,"aName":"Dialogs","aType":13,"objInfo":{"allowed":[-7]},"flatProps":null,"tree":{"version":1,"examples":null,"policyRules":null,"tree":null}},{"aID":13,"aName":"Procedures","aType":13,"objInfo":{"allowed":[-5]},"flatProps":null,"tree":{"version":1,"examples":null,"policyRules":null,"tree":null}},{"aID":14,"aName":"_DefaultDialogs","aType":13,"objInfo":{"allowed":[-7]},"flatProps":null,"tree":{"version":1,"examples":null,"policyRules":null,"tree":null}},{"aID":16,"aName":"Main_Flow","aType":1,"objInfo":{"cat":11},"flatProps":{"uid":121637888,"description":"","multiselect":false,"_default":"","defaultmode":"","isdynamic":true,"selectionmode":"Decision","allowblank":false,"allowdeselect":true,"allowinvalid":false,"grouppreviousanswers":"","helptext":"","isenabled":true,"isvisible":true,"showinvalid":true,"showontreedialog":true,"sortdirection":"Below","sortinvalid":false,"sortproperty":"","tieddialog":0,"isselected":"Knowledge","_xmlexport":["uid"],"pid":7},"tree":{"version":1,"examples":null,"policyRules":null,"tree":{"aID":59,"aType":5,"aAttribute":35,"aSubTree":{"aID":56,"aType":5,"aAttribute":35,"aSubTree":{"aID":27,"aType":2,"aAttribute":31,"aBranches":[{"aID":28,"aValues":[1],"aSubTree":{"aID":70,"aType":2,"aAttribute":36,"aBranches":[{"aID":71,"aValues":[1],"aSubTree":{"aID":76,"aType":5,"aOutcome":-999999,"aFunction":"/*XRKB_FORMULAlet,_34=\"010\"*/\n_dgo(34).val(\"010\");","aSubTree":{"aID":84,"aType":4,"aSubTree":{"aID":85,"aType":4,"aSubTree":{"aID":81,"aType":5,"aAttribute":36,"aSubTree":{"aID":82,"aType":5,"aOutcome":1,"aFunction":"/*XRKB_FORMULAdbg,\"Input Temp is \"+numtotext(_30)*/\n/*XRKB_FORMULAdbg,\"Input Light is \"+numtotext(_32)*/\n/*XRKB_FORMULAdbg,\"Input Pot. is \"+numtotext(_35)*/\n/*XRKB_FORMULAdbg,\"Output LED set to \"+_36*/\nxpertrule.message(\"Input Temp is \"+''+(_dgo(30).val()));\nxpertrule.message(\"Input Light is \"+''+(_dgo(32).val()));\nxpertrule.message(\"Input Pot. is \"+''+(_dgo(35).val()));\nxpertrule.message(\"Output LED set to \"+_dgo(36).val());","aSubTree":{"aID":83,"aType":1,"aOutcome":1}},"aFunction":"IOTwriteOutputs([_dgo(34)]);"},"aFunction":"IOTwriteOutputs([_dgo(34)]);"},"aFunction":"IOTwriteOutputs([_dgo(34)]);"}}},{"aID":72,"aValues":[2],"aSubTree":{"aID":77,"aType":5,"aOutcome":-999999,"aFunction":"/*XRKB_FORMULAlet,_34=\"001\"*/\n_dgo(34).val(\"001\");","aSubTree":{"aID":78,"aType":7,"aJump":84}}},{"aID":74,"aValues":[3],"aSubTree":{"aID":79,"aType":5,"aOutcome":-999999,"aFunction":"/*XRKB_FORMULAlet,_34=\"100\"*/\n_dgo(34).val(\"100\");","aSubTree":{"aID":80,"aType":7,"aJump":85}}}]}},{"aID":29,"aValues":[2],"aSubTree":{"aID":32,"aType":5,"aOutcome":1,"aFunction":"/*XRKB_FORMULAdbg,\"There was an error retrieving the data\"*/\nxpertrule.message(\"There was an error retrieving the data\");","aSubTree":{"aID":63,"aType":1,"aOutcome":1}}}]},"aFunction":"IOTreadInputs([_dgo(30), _dgo(32), _dgo(35)], _dgo(31));"},"aFunction":"IOTsetupConnection({\n  url: \"127.0.0.1\",\n  port: 8001,\n  timeout: 5000,\n  prototypeCapture: false\n});"}},"aValues":[{"aID":1,"aName":"Done","selected":false,"uid":0,"visible":true,"idx":0}],"values":{"values":[{"id":1,"aID":1,"aName":"Done","aText":"Done","evalid":0,"selected":false,"uid":0,"valid":true,"visible":true,"idx":0}],"props":{"general":{"descriptionprop":"aName","_xmlexport":[],"_hierexport":[]},"list":[{"aID":-2,"aName":"aName","realName":"Value","aDescription":"","aType":"str","display":0,"width":80,"ishtml":false}]}},"isMultiSel":false},{"aID":18,"aName":"_MasterTemplate","aType":7,"objInfo":{"cat":14},"flatProps":null,"tree":{"version":1,"examples":null,"policyRules":null},"loadedDefinition":{"usage":[],"helpdoneinlabel":false,"left":0,"top":0,"width":500,"height":300,"hascaption":true,"centered":true,"caption":"{__project}","color":"na","onenter":0,"onshow":0,"onexit":0,"oncanexit":0,"initialupdates":true,"timeout":0,"bkgndimage":"","resizable":false,"font":{"name":"MS Shell Dlg","size":11,"isBold":false,"isItalic":false},"cssclassname":{"name":"","dowysiwyg":true},"controls":[{"aID":3,"aType":"container","aName":"container"},{"aID":4,"aType":"columns","aName":"columns","numcolumns":2,"autocollapse":true,"autocollapsewidth":400,"tabsheets":[{"isvisible":true,"controls":[{"aID":2,"aType":"button","aName":"backbutton","left":32,"top":40,"width":48,"height":24,"tabno":0,"caption":"Previous","buttontype":"back","visible":true,"isarea":false,"font":{"name":"MS Shell Dlg","size":11,"isBold":false,"isItalic":false},"allowinvalid":0,"allowincomplete":0,"exitcheck":true,"helpatt":0,"helpid":0,"macro":0,"macroautook":false,"briefhow":false,"url":"","key":"none","applydialogfont":true,"cssclassname":{"name":"","dowysiwyg":true},"enabled":true,"jqmattributes":""}]},{"isvisible":true,"controls":[{"aID":1,"aType":"button","aName":"okbutton","left":64,"top":8,"width":48,"height":24,"tabno":0,"caption":"Next","buttontype":"ok","visible":true,"isarea":false,"font":{"name":"MS Shell Dlg","size":11,"isBold":false,"isItalic":false},"allowinvalid":0,"allowincomplete":0,"exitcheck":true,"helpatt":0,"helpid":0,"macro":0,"macroautook":false,"briefhow":false,"url":"","key":"none","applydialogfont":true,"cssclassname":{"name":"","dowysiwyg":true},"enabled":true,"jqmattributes":""}]}]}],"instanceatts":[],"description":"","rules":false},"formRules":{"items":[]}},{"aID":19,"aName":"List_Capture_Dialog","aType":7,"objInfo":{"cat":14},"flatProps":null,"tree":{"version":1,"examples":null,"policyRules":null},"loadedDefinition":{"usage":[],"helpdoneinlabel":false,"left":0,"top":0,"width":450,"height":280,"hascaption":true,"centered":true,"caption":"{__project}","onenter":0,"onexit":0,"oncanexit":0,"initialupdates":true,"timeout":0,"bkgndimage":"","resizable":false,"font":{"name":"Microsoft Sans Serif","size":13,"isBold":false,"isItalic":false},"cssclassname":{"name":"","dowysiwyg":true},"controls":[{"aID":1,"aType":"listbox","aName":"listbox","left":150,"top":40,"width":150,"height":120,"tabno":0,"tieditem":0,"font":{"name":"MS Shell Dlg","size":11,"isBold":false,"isItalic":false},"multiselmin":0,"multiselmax":255,"multiexcludegrey":false,"excludemode":"showinvalid","visible":true,"applydialogfont":true,"cssclassname":{"name":"","dowysiwyg":true},"validation":"","showsearch":false,"emptytext":"","showlabel":true,"label":"","helpposition":"'top right'"}],"instanceatts":[],"rules":false,"pid":18},"formRules":{"items":[]}},{"aID":20,"aName":"Numeric_Capture_Dialog","aType":7,"objInfo":{"cat":14},"flatProps":null,"tree":{"version":1,"examples":null,"policyRules":null},"loadedDefinition":{"usage":[],"helpdoneinlabel":false,"left":0,"top":0,"width":450,"height":280,"hascaption":true,"centered":true,"caption":"{__project}","onenter":0,"onexit":0,"oncanexit":0,"initialupdates":true,"timeout":0,"bkgndimage":"","resizable":false,"font":{"name":"Microsoft Sans Serif","size":13,"isBold":false,"isItalic":false},"cssclassname":{"name":"","dowysiwyg":true},"controls":[{"aID":1,"aType":"number","aName":"number","left":180,"top":80,"width":90,"height":24,"tabno":0,"tieditem":0,"style":"editbox","scrollrangemin":0,"scrollrangemax":100,"font":{"name":"MS Shell Dlg","size":11,"isBold":false,"isItalic":false},"visible":true,"hasborder":true,"color":"FFFFFF","textcolor":"000000","validation":"","applydialogfont":true,"cssclassname":{"name":"","dowysiwyg":true},"readonly":false,"showlabel":true,"label":""}],"instanceatts":[],"rules":false,"pid":18},"formRules":{"items":[]}},{"aID":21,"aName":"Date_Capture_Dialog","aType":7,"objInfo":{"cat":14},"flatProps":null,"tree":{"version":1,"examples":null,"policyRules":null},"loadedDefinition":{"usage":[],"helpdoneinlabel":false,"left":0,"top":0,"width":450,"height":280,"hascaption":true,"centered":true,"caption":"{__project}","onenter":0,"onexit":0,"oncanexit":0,"initialupdates":true,"timeout":0,"bkgndimage":"","resizable":false,"font":{"name":"Microsoft Sans Serif","size":13,"isBold":false,"isItalic":false},"cssclassname":{"name":"","dowysiwyg":true},"controls":[{"aID":1,"aType":"date","aName":"date","left":155,"top":80,"width":140,"height":24,"tabno":0,"tieditem":0,"font":{"name":"MS Shell Dlg","size":11,"isBold":false,"isItalic":false},"visible":true,"applydialogfont":true,"cssclassname":{"name":"","dowysiwyg":true},"validation":"","jqueryinit":{"showOtherMonths":true,"selectOtherMonths":true,"showOn":"button","buttonImage":"images/calendar.png","buttonImageOnly":true,"buttonText":"Click to select date"},"showlabel":true,"label":""}],"instanceatts":[],"rules":false,"pid":18},"formRules":{"items":[]}},{"aID":22,"aName":"YesNo_Capture_Dialog","aType":7,"objInfo":{"cat":14},"flatProps":null,"tree":{"version":1,"examples":null,"policyRules":null},"loadedDefinition":{"usage":[],"helpdoneinlabel":false,"left":0,"top":0,"width":450,"height":280,"hascaption":true,"centered":true,"caption":"{__project}","onenter":0,"onexit":0,"oncanexit":0,"initialupdates":true,"timeout":0,"bkgndimage":"","resizable":false,"font":{"name":"Microsoft Sans Serif","size":13,"isBold":false,"isItalic":false},"cssclassname":{"name":"","dowysiwyg":true},"controls":[{"aID":1,"aType":"listbox","aName":"listbox","left":150,"top":40,"width":150,"height":120,"tabno":0,"tieditem":0,"font":{"name":"MS Shell Dlg","size":11,"isBold":false,"isItalic":false},"multiselmin":0,"multiselmax":255,"multiexcludegrey":false,"excludemode":"showinvalid","visible":true,"applydialogfont":true,"cssclassname":{"name":"","dowysiwyg":true},"validation":"","showsearch":false,"emptytext":"","showlabel":true,"label":"","helpposition":"'top right'"}],"instanceatts":[],"rules":false,"pid":18},"formRules":{"items":[]}},{"aID":23,"aName":"Text_Capture_Dialog","aType":7,"objInfo":{"cat":14},"flatProps":null,"tree":{"version":1,"examples":null,"policyRules":null},"loadedDefinition":{"usage":[],"helpdoneinlabel":false,"left":0,"top":0,"width":450,"height":280,"hascaption":true,"centered":true,"caption":"{__project}","onenter":0,"onexit":0,"oncanexit":0,"initialupdates":true,"timeout":0,"bkgndimage":"","resizable":false,"font":{"name":"Microsoft Sans Serif","size":13,"isBold":false,"isItalic":false},"cssclassname":{"name":"","dowysiwyg":true},"controls":[{"aID":1,"aType":"textedit","aName":"textedit","left":24,"top":80,"width":400,"height":24,"tabno":0,"font":{"name":"MS Shell Dlg","size":11,"isBold":false,"isItalic":false},"tieditem":0,"applydialogfont":true,"cssclassname":{"name":"","dowysiwyg":true},"validation":"","readonly":false,"showlabel":true,"label":""}],"instanceatts":[],"rules":false,"pid":18},"formRules":{"items":[]}},{"aID":24,"aName":"Tree_Dialog","aType":1,"objInfo":{},"flatProps":{"uid":121636352,"description":"","multiselect":false,"_default":"","defaultmode":"","isdynamic":true,"selectionmode":"Tree Dialog","allowblank":false,"allowdeselect":true,"allowinvalid":false,"grouppreviousanswers":"","helptext":"","isenabled":true,"isvisible":true,"showinvalid":true,"showontreedialog":true,"sortdirection":"Below","sortinvalid":false,"sortproperty":"","tieddialog":0,"isselected":"Knowledge","_xmlexport":["uid"]},"tree":{"version":1,"examples":null,"policyRules":null,"tree":{"aID":1,"aType":1,"aOutcome":-999999}},"aValues":[{"uid":121636353,"aID":1,"aName":"Resolved","selected":false,"visible":true,"idx":0},{"uid":121636354,"aID":2,"aName":"Not Resolved","selected":false,"visible":true,"idx":1}],"values":{"values":[{"uid":121636353,"aID":1,"aName":"Resolved","id":1,"selected":false,"valid":true,"aText":"Resolved","evalid":0,"visible":true,"idx":0},{"uid":121636354,"aID":2,"aName":"Not Resolved","id":2,"selected":false,"valid":true,"aText":"Not Resolved","evalid":0,"visible":true,"idx":1}],"props":{"general":{"descriptionprop":"aName","_xmlexport":[],"_hierexport":[]},"list":[{"aID":-2,"aName":"aName","realName":"Value","aDescription":"","aType":"str","display":0,"width":80,"ishtml":false}]}},"isMultiSel":false},{"aID":27,"aName":"Numeric_Decision_Tree","aType":2,"objInfo":{},"flatProps":{"uid":121635584,"description":"","_default":0,"defaultmode":"","isdynamic":false,"selectionmode":"Decision","allowblank":false,"grouppreviousanswers":"","helptext":"","isenabled":true,"isvisible":true,"maxvalue":0,"minvalue":0,"showontreedialog":true,"tieddialog":0,"units":"","isselected":"Above","_xmlexport":["uid"]},"tree":{"version":1,"examples":null,"policyRules":null,"tree":{"aID":1,"aType":1,"aOutcome":0}},"aDecPlaces":0},{"aID":28,"aName":"YesNo_Question","aType":4,"objInfo":{},"flatProps":{"uid":524288256,"description":"","_default":true,"defaultmode":"","isdynamic":false,"selectionmode":"","allowblank":false,"allowdeselect":true,"allowinvalid":false,"grouppreviousanswers":"","helptext":"","isenabled":true,"isvisible":true,"reversepreviousanswers":false,"showinvalid":true,"showontreedialog":true,"sortdirection":"Descending","sortinvalid":true,"sortproperty":"","tieddialog":22,"isselected":"Knowledge","_xmlexport":["uid"]},"tree":{"version":1,"examples":null,"policyRules":null,"tree":null},"aValues":[{"uid":524288257,"aID":1,"aName":"Yes","idx":0},{"uid":524288258,"aID":2,"aName":"No","idx":1}],"values":{"values":[{"uid":524288257,"aID":1,"aName":"Yes","idx":0,"valid":true,"aText":"Yes","evalid":0},{"uid":524288258,"aID":2,"aName":"No","idx":1,"valid":true,"aText":"No","evalid":0}],"props":{"general":{"descriptionprop":"aName","_xmlexport":[],"_hierexport":[]},"list":[{"aID":-2,"aName":"aName","realName":"Value","aDescription":"","aType":"str","display":0,"width":80,"ishtml":false}]}}},{"aID":29,"aName":"Numeric_Sensor","aType":2,"objInfo":{},"flatProps":{"uid":524289280,"description":"","_default":0,"defaultmode":"","isdynamic":false,"selectionmode":"Decision","allowblank":false,"grouppreviousanswers":"","helptext":"","isenabled":true,"isvisible":true,"maxvalue":0,"minvalue":0,"reversepreviousanswers":false,"showontreedialog":true,"tieddialog":0,"units":"","isselected":"Yes","_xmlexport":["uid"],"url":""},"tree":{"version":1,"examples":null,"policyRules":null,"tree":null},"_classPrivs":{"tabs":{"events":false},"hidflatprops":["aDecPlaces","isdynamic","allowblank","_default","minvalue","maxvalue","showontreedialog","grouppreviousanswers","selectionmode","units","tieddialog"],"customflatprops":[]},"aDecPlaces":0},{"aID":30,"aName":"Temperature","aType":2,"objInfo":{"cat":10},"flatProps":{"uid":524289280,"description":"","_default":0,"defaultmode":"","isdynamic":false,"selectionmode":"Decision","allowblank":false,"grouppreviousanswers":"","helptext":"","isenabled":true,"isvisible":true,"maxvalue":0,"minvalue":0,"reversepreviousanswers":false,"showontreedialog":true,"tieddialog":0,"units":"","isselected":"Yes","_xmlexport":["uid"],"url":"a0c50f17-62a8-4dcc-8e7b-bb147cb53b50/Test/0/T","pid":29},"tree":{"version":1,"examples":null,"policyRules":null,"tree":null},"events":{},"_classPrivs":{"tabs":{"events":false},"hidflatprops":["aDecPlaces","isdynamic","allowblank","_default","minvalue","maxvalue","showontreedialog","grouppreviousanswers","selectionmode","units"],"customflatprops":[]},"aDecPlaces":0},{"aID":31,"aName":"dataOK","aType":4,"objInfo":{"cat":10},"flatProps":{"uid":524288256,"description":"","_default":true,"defaultmode":"","isdynamic":false,"selectionmode":"","allowblank":false,"allowdeselect":true,"allowinvalid":false,"grouppreviousanswers":"","helptext":"","isenabled":true,"isvisible":true,"reversepreviousanswers":false,"showinvalid":true,"showontreedialog":true,"sortdirection":"Descending","sortinvalid":true,"sortproperty":"","tieddialog":22,"isselected":"Knowledge","_xmlexport":["uid"],"pid":28},"tree":{"version":1,"examples":null,"policyRules":null,"tree":null},"aValues":[{"uid":524288257,"aID":1,"aName":"Yes","idx":0},{"uid":524288258,"aID":2,"aName":"No","idx":1}],"values":{"values":[{"uid":524288257,"aID":1,"aName":"Yes","idx":0,"valid":true,"aText":"Yes","evalid":0},{"uid":524288258,"aID":2,"aName":"No","idx":1,"valid":true,"aText":"No","evalid":0}],"props":{"general":{"descriptionprop":"aName","_xmlexport":[],"_hierexport":[]},"list":[{"aID":-2,"aName":"aName","realName":"Value","aDescription":"","aType":"str","display":0,"width":80,"ishtml":false}]}},"events":{}},{"aID":32,"aName":"Light","aType":2,"objInfo":{"cat":10},"flatProps":{"uid":524289280,"description":"","_default":0,"defaultmode":"","isdynamic":false,"selectionmode":"Decision","allowblank":false,"grouppreviousanswers":"","helptext":"","isenabled":true,"isvisible":true,"maxvalue":0,"minvalue":0,"reversepreviousanswers":false,"showontreedialog":true,"tieddialog":0,"units":"","isselected":"Yes","_xmlexport":["uid"],"url":"a0c50f17-62a8-4dcc-8e7b-bb147cb53b50/Test/0/P","pid":29},"tree":{"version":1,"examples":null,"policyRules":null,"tree":null},"events":{},"_classPrivs":{"tabs":{"events":false},"hidflatprops":["aDecPlaces","isdynamic","allowblank","_default","minvalue","maxvalue","showontreedialog","grouppreviousanswers","selectionmode","units","tieddialog"],"customflatprops":[]},"aDecPlaces":0},{"aID":33,"aName":"String_Output","aType":10,"objInfo":{},"flatProps":{"uid":520109056,"description":"","length":0,"_default":"","defaultmode":"","isdynamic":false,"selectionmode":"Decision","allowblank":false,"grouppreviousanswers":"","helptext":"","inputmask":"","isenabled":true,"ispassword":false,"isvisible":true,"multiline":false,"reversepreviousanswers":false,"showontreedialog":true,"tieddialog":39,"isselected":"Yes","_xmlexport":["uid"],"url":""},"tree":{"version":1,"examples":null,"policyRules":null,"tree":null},"_classPrivs":{"tabs":{"events":false},"hidflatprops":["isdynamic","allowblank","_default","tieddialog","selectionmode","grouppreviousanswers","showontreedialog"],"customflatprops":[]},"aLength":0},{"aID":34,"aName":"LED","aType":10,"objInfo":{"cat":10},"flatProps":{"uid":520109056,"description":"","length":0,"_default":"","defaultmode":"","isdynamic":false,"selectionmode":"Decision","allowblank":false,"grouppreviousanswers":"","helptext":"","inputmask":"","isenabled":true,"ispassword":false,"isvisible":true,"multiline":false,"reversepreviousanswers":false,"showontreedialog":true,"tieddialog":39,"isselected":"Yes","_xmlexport":["uid"],"url":"a0c50f17-62a8-4dcc-8e7b-bb147cb53b50/Test/0/LED","pid":33},"tree":{"version":1,"examples":null,"policyRules":null,"tree":null},"events":{},"_classPrivs":{"tabs":{"events":false},"hidflatprops":["isdynamic","allowblank","_default","tieddialog","selectionmode","grouppreviousanswers","showontreedialog"],"customflatprops":[]},"aLength":0},{"aID":35,"aName":"Potentiometer","aType":2,"objInfo":{"cat":10},"flatProps":{"uid":524289280,"description":"","_default":0,"defaultmode":"","isdynamic":false,"selectionmode":"Decision","allowblank":false,"grouppreviousanswers":"","helptext":"","isenabled":true,"isvisible":true,"maxvalue":0,"minvalue":0,"reversepreviousanswers":false,"showontreedialog":true,"tieddialog":0,"units":"","isselected":"Yes","_xmlexport":["uid"],"url":"a0c50f17-62a8-4dcc-8e7b-bb147cb53b50/Test/0/A","pid":29},"tree":{"version":1,"examples":null,"policyRules":null,"tree":null},"events":{},"_classPrivs":{"tabs":{"events":false},"hidflatprops":["aDecPlaces","isdynamic","allowblank","_default","minvalue","maxvalue","showontreedialog","grouppreviousanswers","selectionmode","units","tieddialog"],"customflatprops":[]},"aDecPlaces":0},{"aID":36,"aName":"WarningLight_Tree","aType":1,"objInfo":{"cat":11},"flatProps":{"uid":121636352,"description":"","multiselect":false,"_default":"","defaultmode":"","isdynamic":true,"selectionmode":"Decision","allowblank":false,"allowdeselect":true,"allowinvalid":false,"grouppreviousanswers":"","helptext":"","isenabled":true,"isvisible":true,"showinvalid":true,"showontreedialog":true,"sortdirection":"Below","sortinvalid":false,"sortproperty":"","tieddialog":0,"isselected":"Knowledge","_xmlexport":["uid"],"pid":7},"tree":{"version":1,"examples":{"atts":[37,38,39],"cases":[[{"aID":37,"aType":1,"values":[1]},{"aID":38,"aType":1,"values":[1]},{"aID":39,"aType":1,"values":[1]},{"aID":36,"aType":4,"values":[2]}],[{"aID":37,"aType":1,"values":[1]},{"aID":38,"aType":1,"values":[1]},{"aID":39,"aType":1,"values":[2]},{"aID":36,"aType":4,"values":[3]}],[{"aID":37,"aType":1,"values":[1]},{"aID":38,"aType":1,"values":[2]},{"aID":39,"aType":1,"values":[1]},{"aID":36,"aType":4,"values":[1]}],[{"aID":37,"aType":1,"values":[1]},{"aID":38,"aType":1,"values":[2]},{"aID":39,"aType":1,"values":[2]},{"aID":36,"aType":4,"values":[2]}],[{"aID":37,"aType":1,"values":[1]},{"aID":38,"aType":1,"values":[3]},{"aID":39,"aType":1,"values":[1]},{"aID":36,"aType":4,"values":[1]}],[{"aID":37,"aType":1,"values":[1]},{"aID":38,"aType":1,"values":[3]},{"aID":39,"aType":1,"values":[2]},{"aID":36,"aType":4,"values":[1]}],[{"aID":37,"aType":1,"values":[2]},{"aID":38,"aType":1,"values":[1]},{"aID":39,"aType":1,"values":[1]},{"aID":36,"aType":4,"values":[3]}],[{"aID":37,"aType":1,"values":[2]},{"aID":38,"aType":1,"values":[1]},{"aID":39,"aType":1,"values":[2]},{"aID":36,"aType":4,"values":[3]}],[{"aID":37,"aType":1,"values":[2]},{"aID":38,"aType":1,"values":[2]},{"aID":39,"aType":1,"values":[1]},{"aID":36,"aType":4,"values":[2]}],[{"aID":37,"aType":1,"values":[2]},{"aID":38,"aType":1,"values":[2]},{"aID":39,"aType":1,"values":[2]},{"aID":36,"aType":4,"values":[2]}],[{"aID":37,"aType":1,"values":[2]},{"aID":38,"aType":1,"values":[3]},{"aID":39,"aType":1,"values":[1]},{"aID":36,"aType":4,"values":[1]}],[{"aID":37,"aType":1,"values":[2]},{"aID":38,"aType":1,"values":[3]},{"aID":39,"aType":1,"values":[2]},{"aID":36,"aType":4,"values":[1]}],[{"aID":37,"aType":1,"values":[3]},{"aID":38,"aType":1,"values":[1]},{"aID":39,"aType":1,"values":[1]},{"aID":36,"aType":4,"values":[2]}],[{"aID":37,"aType":1,"values":[3]},{"aID":38,"aType":1,"values":[1]},{"aID":39,"aType":1,"values":[2]},{"aID":36,"aType":4,"values":[3]}],[{"aID":37,"aType":1,"values":[3]},{"aID":38,"aType":1,"values":[2]},{"aID":39,"aType":1,"values":[1]},{"aID":36,"aType":4,"values":[1]}],[{"aID":37,"aType":1,"values":[3]},{"aID":38,"aType":1,"values":[2]},{"aID":39,"aType":1,"values":[2]},{"aID":36,"aType":4,"values":[1]}],[{"aID":37,"aType":1,"values":[3]},{"aID":38,"aType":1,"values":[3]},{"aID":39,"aType":1,"values":[1]},{"aID":36,"aType":4,"values":[3]}],[{"aID":37,"aType":1,"values":[3]},{"aID":38,"aType":1,"values":[3]},{"aID":39,"aType":1,"values":[2]},{"aID":36,"aType":4,"values":[1]}]]},"policyRules":null,"tree":{"aType":2,"aAttribute":38,"aBranches":[{"aValues":[1],"aSubTree":{"aType":2,"aAttribute":39,"aBranches":[{"aValues":[1],"aSubTree":{"aType":2,"aAttribute":37,"aBranches":[{"aValues":[1,3],"aSubTree":{"aType":1,"aOutcome":2,"aFreq":2,"aID":8},"aID":7},{"aValues":[2],"aSubTree":{"aType":1,"aOutcome":3,"aFreq":1,"aID":10},"aID":9}],"aID":6},"aID":5},{"aValues":[2],"aSubTree":{"aType":1,"aOutcome":3,"aFreq":3,"aID":12},"aID":11}],"aID":4},"aID":3},{"aValues":[2],"aSubTree":{"aType":2,"aAttribute":37,"aBranches":[{"aValues":[1],"aSubTree":{"aType":2,"aAttribute":39,"aBranches":[{"aValues":[1],"aSubTree":{"aType":1,"aOutcome":1,"aFreq":1,"aID":18},"aID":17},{"aValues":[2],"aSubTree":{"aType":1,"aOutcome":2,"aFreq":1,"aID":20},"aID":19}],"aID":16},"aID":15},{"aValues":[2],"aSubTree":{"aType":1,"aOutcome":2,"aFreq":2,"aID":22},"aID":21},{"aValues":[3],"aSubTree":{"aType":1,"aOutcome":1,"aFreq":2,"aID":24},"aID":23}],"aID":14},"aID":13},{"aValues":[3],"aSubTree":{"aType":2,"aAttribute":37,"aBranches":[{"aValues":[1,2],"aSubTree":{"aType":1,"aOutcome":1,"aFreq":4,"aID":28},"aID":27},{"aValues":[3],"aSubTree":{"aType":2,"aAttribute":39,"aBranches":[{"aValues":[1],"aSubTree":{"aType":1,"aOutcome":3,"aFreq":1,"aID":32},"aID":31},{"aValues":[2],"aSubTree":{"aType":1,"aOutcome":1,"aFreq":1,"aID":34},"aID":33}],"aID":30},"aID":29}],"aID":26},"aID":25}],"aID":2}},"aValues":[{"aID":1,"aName":"Green","selected":false,"uid":0,"visible":true,"idx":0},{"aID":2,"aName":"Blue","selected":false,"uid":0,"visible":true,"idx":1},{"aID":3,"aName":"Red","selected":false,"uid":0,"visible":true,"idx":2}],"values":{"values":[{"id":1,"aID":1,"aName":"Green","aText":"Green","evalid":0,"selected":false,"uid":0,"valid":true,"visible":true,"idx":0},{"id":2,"aID":2,"aName":"Blue","aText":"Blue","evalid":0,"selected":false,"uid":0,"valid":true,"visible":true,"idx":1},{"id":3,"aID":3,"aName":"Red","aText":"Red","evalid":0,"selected":false,"uid":0,"valid":true,"visible":true,"idx":2}],"props":{"general":{"descriptionprop":"aName","_xmlexport":[],"_hierexport":[]},"list":[{"aID":-2,"aName":"aName","realName":"Value","aDescription":"","aType":"str","display":0,"width":80,"ishtml":false}]}},"events":{},"isMultiSel":false},{"aID":37,"aName":"RoomLighting","aType":1,"objInfo":{"cat":11},"flatProps":{"uid":121636352,"description":"","multiselect":false,"_default":"","defaultmode":"","isdynamic":true,"selectionmode":"Decision","allowblank":false,"allowdeselect":true,"allowinvalid":false,"grouppreviousanswers":"","helptext":"","isenabled":true,"isvisible":true,"showinvalid":true,"showontreedialog":true,"sortdirection":"Below","sortinvalid":false,"sortproperty":"","tieddialog":0,"isselected":"Knowledge","_xmlexport":["uid"],"pid":7},"tree":{"version":1,"examples":null,"policyRules":null,"tree":{"aID":3,"aType":2,"aAttribute":32,"aBranches":[{"aID":4,"aComparitor":"<","aThreshold":10,"aSubTree":{"aID":1,"aType":1,"aOutcome":1}},{"aID":5,"aComparitor":"RNG","aThreshold":10,"aSubTree":{"aID":6,"aType":1,"aOutcome":2},"aThreshold2":35},{"aID":7,"aSubTree":{"aID":8,"aType":1,"aOutcome":3},"aThreshold":35,"aComparitor":">"}]}},"aValues":[{"aID":1,"aName":"Dark","selected":false,"uid":0,"visible":true,"idx":0},{"aID":2,"aName":"Normal","selected":false,"uid":0,"visible":true,"idx":1},{"aID":3,"aName":"Bright","selected":false,"uid":0,"visible":true,"idx":2}],"values":{"values":[{"id":1,"aID":1,"aName":"Dark","aText":"Dark","evalid":0,"selected":false,"uid":0,"valid":true,"visible":true,"idx":0},{"id":2,"aID":2,"aName":"Normal","aText":"Normal","evalid":0,"selected":false,"uid":0,"valid":true,"visible":true,"idx":1},{"id":3,"aID":3,"aName":"Bright","aText":"Bright","evalid":0,"selected":false,"uid":0,"valid":true,"visible":true,"idx":2}],"props":{"general":{"descriptionprop":"aName","_xmlexport":[],"_hierexport":[]},"list":[{"aID":-2,"aName":"aName","realName":"Value","aDescription":"","aType":"str","display":0,"width":80,"ishtml":false}]}},"events":{},"isMultiSel":false},{"aID":38,"aName":"RoomTemp","aType":1,"objInfo":{"cat":11},"flatProps":{"uid":121636352,"description":"","multiselect":false,"_default":"","defaultmode":"","isdynamic":true,"selectionmode":"Decision","allowblank":false,"allowdeselect":true,"allowinvalid":false,"grouppreviousanswers":"","helptext":"","isenabled":true,"isvisible":true,"showinvalid":true,"showontreedialog":true,"sortdirection":"Below","sortinvalid":false,"sortproperty":"","tieddialog":0,"isselected":"Knowledge","_xmlexport":["uid"],"pid":7},"tree":{"version":1,"examples":null,"policyRules":null,"tree":{"aID":3,"aType":2,"aAttribute":30,"aBranches":[{"aID":4,"aComparitor":"<","aThreshold":15,"aSubTree":{"aID":1,"aType":1,"aOutcome":1}},{"aID":5,"aComparitor":"RNG","aThreshold":15,"aSubTree":{"aID":6,"aType":1,"aOutcome":2},"aThreshold2":26},{"aID":8,"aSubTree":{"aID":9,"aType":1,"aOutcome":3},"aThreshold":26,"aComparitor":">"}]}},"aValues":[{"aID":1,"aName":"Cold","selected":false,"uid":0,"visible":true,"idx":0},{"aID":2,"aName":"Moderate","selected":false,"uid":0,"visible":true,"idx":1},{"aID":3,"aName":"Warm","selected":false,"uid":0,"visible":true,"idx":2}],"values":{"values":[{"id":1,"aID":1,"aName":"Cold","aText":"Cold","evalid":0,"selected":false,"uid":0,"valid":true,"visible":true,"idx":0},{"id":2,"aID":2,"aName":"Moderate","aText":"Moderate","evalid":0,"selected":false,"uid":0,"valid":true,"visible":true,"idx":1},{"id":3,"aID":3,"aName":"Warm","aText":"Warm","evalid":0,"selected":false,"uid":0,"valid":true,"visible":true,"idx":2}],"props":{"general":{"descriptionprop":"aName","_xmlexport":[],"_hierexport":[]},"list":[{"aID":-2,"aName":"aName","realName":"Value","aDescription":"","aType":"str","display":0,"width":80,"ishtml":false}]}},"events":{},"isMultiSel":false},{"aID":39,"aName":"Thermostat","aType":1,"objInfo":{"cat":11},"flatProps":{"uid":121636352,"description":"","multiselect":false,"_default":"","defaultmode":"","isdynamic":true,"selectionmode":"Decision","allowblank":false,"allowdeselect":true,"allowinvalid":false,"grouppreviousanswers":"","helptext":"","isenabled":true,"isvisible":true,"showinvalid":true,"showontreedialog":true,"sortdirection":"Below","sortinvalid":false,"sortproperty":"","tieddialog":0,"isselected":"Knowledge","_xmlexport":["uid"],"pid":7},"tree":{"version":1,"examples":null,"policyRules":null,"tree":{"aID":3,"aType":2,"aAttribute":35,"aBranches":[{"aID":4,"aComparitor":"<","aThreshold":50,"aSubTree":{"aID":1,"aType":1,"aOutcome":2}},{"aID":5,"aComparitor":">=","aThreshold":50,"aSubTree":{"aID":6,"aType":1,"aOutcome":1}}]}},"aValues":[{"aID":1,"aName":"On","selected":false,"uid":0,"visible":true,"idx":0},{"aID":2,"aName":"Off","selected":false,"uid":0,"visible":true,"idx":1}],"values":{"values":[{"id":1,"aID":1,"aName":"On","aText":"On","evalid":0,"selected":false,"uid":0,"valid":true,"visible":true,"idx":0},{"id":2,"aID":2,"aName":"Off","aText":"Off","evalid":0,"selected":false,"uid":0,"valid":true,"visible":true,"idx":1}],"props":{"general":{"descriptionprop":"aName","_xmlexport":[],"_hierexport":[]},"list":[{"aID":-2,"aName":"aName","realName":"Value","aDescription":"","aType":"str","display":0,"width":80,"ishtml":false}]}},"events":{},"isMultiSel":false},{"aID":40,"aName":"holding","aType":1,"objInfo":{"cat":10},"flatProps":{"uid":121635328,"description":"","multiselect":false,"_default":"","defaultmode":"","isdynamic":false,"selectionmode":"","allowblank":false,"allowdeselect":true,"allowinvalid":false,"grouppreviousanswers":"","helptext":"","isenabled":true,"isvisible":true,"showinvalid":true,"showontreedialog":true,"tieddialog":19,"isselected":"Knowledge","_xmlexport":["uid"],"pid":3},"tree":{"version":1,"examples":null,"policyRules":null,"tree":null},"aValues":[{"aID":1,"aName":"1","selected":false,"uid":0,"visible":true,"idx":0},{"aID":2,"aName":"2","selected":false,"uid":0,"visible":true,"idx":1}],"values":{"values":[{"id":1,"aID":1,"aName":"1","aText":"1","evalid":0,"selected":false,"uid":0,"valid":true,"visible":true,"idx":0},{"id":2,"aID":2,"aName":"2","aText":"2","evalid":0,"selected":false,"uid":0,"valid":true,"visible":true,"idx":1}],"props":{"general":{"descriptionprop":"aName","_xmlexport":[],"_hierexport":[]},"list":[{"aID":-2,"aName":"aName","realName":"Value","aDescription":"","aType":"str","display":0,"width":80,"ishtml":false}]}},"events":{},"isMultiSel":false}]}